Workbook

Sheet NSM KPIs
C2: Use-Case 1: | D2: PSI, ROB breaching
D3: Reference Vintage (Apr'20) | M3: Monitoring Vintage (Jan'24)
B4: Nodes | C4: Treatment | D4: Account # | E4: Account % | F4: #Goods | G4: # Bads | H4: Bad-Rate | I4: Cum.Bad Lift | J4: Cum.Good Lift | K4: KS | L4: Node Rank | M4: Account # | N4: Account % | O4: #Goods | P4: # Bads | Q4: Bad-Rate | R4: Cum.Bad | S4: Cum.Goods | T4: Node Rank | U4: KS | V4: PSI | W4: ROB
B5: A | C5: CLD | D5: 31255 | E5: =D5/D$13 -> 0.083707614 | F5: =D5-G5 -> 28755 | G5: 2500 | H5: =G5/D5 -> 0.079987202 | I5: =SUM(G$5:G5)/$G$13 -> 0.2118285 | J5: =SUM(F$5:F5)/$F$13 -> 0.079525749 | K5: =I5-J5 -> 0.13230275 | L5: =RANK(H5,$H$5:$H$12) -> 1 | M5: 36372 | N5: =M5/M$13 -> 0.098709546 | O5: =M5-P5 -> 32372 | P5: 4000 | Q5: =P5/M5 -> 0.10997471 | R5: =P5/P13 -> 0.28101728 | S5: =O5/O13 -> 0.091384114 | T5: =RANK(Q5,$Q$5:$Q$12) -> 1 | U5: =R5-S5 -> 0.18963317 | V5: =(N5-E5)*LN(N5/E5) -> 0.0024730943 | W5: =MAX(T5-L5,0) -> 0 | Y5: No. of final Nodes | Z5: =COUNTA(B5:B12) -> 8
B6: B | C6: CLD | D6: 4891 | E6: =D6/D$13 -> 0.01309915 | F6: =D6-G6 -> 4573 | G6: 318 | H6: =G6/D6 -> 0.065017379 | I6: =SUM(G$5:G6)/$G$13 -> 0.23877309 | J6: =SUM(F$5:F6)/$F$13 -> 0.092172985 | K6: =I6-J6 -> 0.1466001 | L6: =RANK(H6,$H$5:$H$12) -> 2 | M6: 7130 | N6: =M6/M$13 -> 0.019350024 | O6: =M6-P6 -> 6774 | P6: 356 | Q6: =P6/M6 -> 0.049929874 | R6: =SUM(P$5:P6)/$P$13 -> 0.30602782 | S6: =SUM(O$5:O6)/$O$13 -> 0.11050669 | T6: =RANK(Q6,$Q$5:$Q$12) -> 2 | U6: =R6-S6 -> 0.19552113 | V6: =(N6-E6)*LN(N6/E6) -> 0.0024387551 | W6: =MAX(T6-L6,0) -> 0 | Y6: ROB Norm Factor | Z6: =TRUNC(Z5/2)*ROUNDUP(Z5/2,0) -> 16
B7: C | C7: CLD | D7: 19283 | E7: =D7/D$13 -> 0.051644022 | F7: =D7-G7 -> 18318 | G7: 965 | H7: =G7/D7 -> 0.05004408 | I7: =SUM(G$5:G7)/$G$13 -> 0.32053889 | J7: =SUM(F$5:F7)/$F$13 -> 0.14283383 | K7: =I7-J7 -> 0.17770506 | L7: =RANK(H7,$H$5:$H$12) -> 3 | M7: 21353 | N7: =M7/M$13 -> 0.057949657 | O7: =M7-P7 -> 20603 | P7: 750 | Q7: =P7/M7 -> 0.03512387 | R7: =SUM(P$5:P7)/$P$13 -> 0.35871856 | S7: =SUM(O$5:O7)/$O$13 -> 0.16866766 | T7: =RANK(Q7,$Q$5:$Q$12) -> 6 | U7: =R7-S7 -> 0.1900509 | V7: =(N7-E7)*LN(N7/E7) -> 0.00072641043 | W7: =MAX(T7-L7,0) -> 3
B8: D | C8: No-CLD | D8: 63198 | E8: =D8/D$13 -> 0.16925784 | F8: =D8-G8 -> 60678 | G8: 2520 | H8: =G8/D8 -> 0.03987468 | I8: =SUM(G$5:G8)/$G$13 -> 0.53406202 | J8: =SUM(F$5:F8)/$F$13 -> 0.31064685 | K8: =I8-J8 -> 0.22341517 | L8: =RANK(H8,$H$5:$H$12) -> 4 | M8: 77146 | N8: =M8/M$13 -> 0.20936563 | O8: =M8-P8 -> 73779 | P8: 3367 | Q8: =P8/M8 -> 0.043644518 | R8: =SUM(P$5:P8)/$P$13 -> 0.59526486 | S8: =SUM(O$5:O8)/$O$13 -> 0.37694112 | T8: =RANK(Q8,$Q$5:$Q$12) -> 5 | U8: =R8-S8 -> 0.21832374 | V8: =(N8-E8)*LN(N8/E8) -> 0.0085292787 | W8: =MAX(T8-L8,0) -> 1
B9: E | C9: No-CLD | D9: 92208 | E9: =D9/D$13 -> 0.24695286 | F9: =D9-G9 -> 88708 | G9: 3500 | H9: =G9/D9 -> 0.037957661 | I9: =SUM(G$5:G9)/$G$13 -> 0.83062193 | J9: =SUM(F$5:F9)/$F$13 -> 0.55598054 | K9: =I9-J9 -> 0.27464139 | L9: =RANK(H9,$H$5:$H$12) -> 5 | M9: 45364 | N9: =M9/M$13 -> 0.12311283 | O9: =M9-P9 -> 43323 | P9: 2041 | Q9: =P9/M9 -> 0.044991623 | R9: =SUM(P$5:P9)/$P$13 -> 0.73865393 | S9: =SUM(O$5:O9)/$O$13 -> 0.49923922 | T9: =RANK(Q9,$Q$5:$Q$12) -> 3 | U9: =R9-S9 -> 0.23941471 | V9: =(N9-E9)*LN(N9/E9) -> 0.086204577 | W9: =MAX(T9-L9,0) -> 0
B10: F | C10: No-CLD | D10: 5129 | E10: =D10/D$13 -> 0.013736565 | F10: =D10-G10 -> 4939 | G10: 190 | H10: =G10/D10 -> 0.037044258 | I10: =SUM(G$5:G10)/$G$13 -> 0.84672089 | J10: =SUM(F$5:F10)/$F$13 -> 0.56964 | K10: =I10-J10 -> 0.2770809 | L10: =RANK(H10,$H$5:$H$12) -> 6 | M10: 40972 | N10: =M10/M$13 -> 0.11119343 | O10: =M10-P10 -> 39172 | P10: 1800 | Q10: =P10/M10 -> 0.043932442 | R10: =SUM(P$5:P10)/$P$13 -> 0.8651117 | S10: =SUM(O$5:O10)/$O$13 -> 0.6098193 | T10: =RANK(Q10,$Q$5:$Q$12) -> 4 | U10: =R10-S10 -> 0.2552924 | V10: =(N10-E10)*LN(N10/E10) -> 0.20380278 | W10: =MAX(T10-L10,0) -> 0
B11: G | C11: No-CLD | D11: 86730 | E11: =D11/D$13 -> 0.2322816 | F11: =D11-G11 -> 84996 | G11: 1734 | H11: =G11/D11 -> 0.019993082 | I11: =SUM(G$5:G11)/$G$13 -> 0.99364514 | J11: =SUM(F$5:F11)/$F$13 -> 0.80470766 | K11: =I11-J11 -> 0.18893749 | L11: =RANK(H11,$H$5:$H$12) -> 7 | M11: 72118 | N11: =M11/M$13 -> 0.1957202 | O11: =M11-P11 -> 71218 | P11: 900 | Q11: =P11/M11 -> 0.012479547 | R11: =SUM(P$5:P11)/$P$13 -> 0.92834059 | S11: =SUM(O$5:O11)/$O$13 -> 0.81086323 | T11: =RANK(Q11,$Q$5:$Q$12) -> 8 | U11: =R11-S11 -> 0.11747737 | V11: =(N11-E11)*LN(N11/E11) -> 0.0062616642 | W11: =MAX(T11-L11,0) -> 1
B12: H | C12: No-CLD | D12: 70689 | E12: =D12/D$13 -> 0.18932035 | F12: =D12-G12 -> 70614 | G12: 75 | H12: =G12/D12 -> 0.0010609854 | I12: =SUM(G$5:G12)/$G$13 -> 1 | J12: =SUM(F$5:F12)/$F$13 -> 1 | K12: =I12-J12 -> 0 | L12: =RANK(H12,$H$5:$H$12) -> 8 | M12: 68020 | N12: =M12/M$13 -> 0.18459868 | O12: =M12-P12 -> 67000 | P12: 1020 | Q12: =P12/M12 -> 0.01499559 | R12: =SUM(P$5:P12)/$P$13 -> 1 | S12: =SUM(O$5:O12)/$O$13 -> 1 | T12: =RANK(Q12,$Q$5:$Q$12) -> 7 | U12: =R12-S12 -> 0 | V12: =(N12-E12)*LN(N12/E12) -> 0.00011925208 | W12: =MAX(T12-L12,0) -> 0
B13: Total | D13: =SUM(D5:D12) -> 373383 | E13: =SUM(E5:E12) -> 1 | F13: =SUM(F5:F12) -> 361581 | G13: =SUM(G5:G12) -> 11802 | H13: =G13/D13 -> 0.031608295 | K13: =MAX(K5:K12) -> 0.2770809 | M13: =SUM(M5:M12) -> 368475 | N13: =SUM(N5:N12) -> 1 | O13: =SUM(O5:O12) -> 354241 | P13: =SUM(P5:P12) -> 14234 | Q13: =P13/M13 -> 0.038629486 | U13: =MAX(U5:U12) -> 0.2552924 | V13: =SUM(V5:V12) -> 0.31055581 | W13: =SUM(W5:W12)/Z6 -> 0.3125
C15: Use-Case 2: | D15: No KPI breach
D16: Reference Vintage (Apr'20) | M16: Monitoring Vintage (Apr'24)
B17: Nodes | C17: Treatment | D17: Account # | E17: Account % | F17: #Goods | G17: # Bads | H17: Bad-Rate | I17: Cum.Bad Lift | J17: Cum.Good Lift | K17: KS | L17: Node Rank | M17: Account # | N17: Account % | O17: #Goods | P17: # Bads | Q17: Bad-Rate | R17: Cum.Bad | S17: Cum.Goods | T17: Node Rank | U17: KS | V17: PSI | W17: ROB
B18: A | C18: CLD | D18: 31255 | E18: =D18/D$13 -> 0.083707614 | F18: =D18-G18 -> 28755 | G18: 2500 | H18: =G18/D18 -> 0.079987202 | I18: =SUM(G$5:G18)/$G$13 -> 2.2118285 | J18: =SUM(F$5:F18)/$F$13 -> 2.0795257 | K18: =I18-J18 -> 0.13230275 | L18: =RANK(H18,$H$18:$H$25) -> 1 | M18: 36372 | N18: =M18/M$13 -> 0.098709546 | O18: =M18-P18 -> 32372 | P18: 4000 | Q18: =P18/M18 -> 0.10997471 | R18: =P18/P26 -> 0.35533446 | S18: =O18/O26 -> 0.10700391 | T18: =RANK(Q18,$Q$18:$Q$25) -> 1 | U18: =R18-S18 -> 0.24833055 | V18: =(N18-E18)*LN(N18/E18) -> 0.0024730943 | W18: =MAX(T18-L18,0) -> 0 | Y18: No. of final Nodes | Z18: =COUNTA(B18:B25) -> 8
B19: B | C19: CLD | D19: 4891 | E19: =D19/D$13 -> 0.01309915 | F19: =D19-G19 -> 4573 | G19: 318 | H19: =G19/D19 -> 0.065017379 | I19: =SUM(G$5:G19)/$G$13 -> 2.2387731 | J19: =SUM(F$5:F19)/$F$13 -> 2.092173 | K19: =I19-J19 -> 0.1466001 | L19: =RANK(H19,$H$18:$H$25) -> 2 | M19: 3700 | N19: =M19/M$13 -> 0.010041387 | O19: =M19-P19 -> 3385 | P19: 315 | Q19: =P19/M19 -> 0.085135135 | R19: =SUM(P$5:P19)/$P$13 -> 2.3031474 | S19: =SUM(O$5:O19)/$O$13 -> 2.1009398 | T19: =RANK(Q19,$Q$18:$Q$25) -> 2 | U19: =R19-S19 -> 0.20220764 | V19: =(N19-E19)*LN(N19/E19) -> 0.00081285175 | W19: =MAX(T19-L19,0) -> 0 | Y19: ROB Norm Factor | Z19: =TRUNC(Z18/2)*ROUNDUP(Z18/2,0) -> 16
B20: C | C20: CLD | D20: 19283 | E20: =D20/D$13 -> 0.051644022 | F20: =D20-G20 -> 18318 | G20: 965 | H20: =G20/D20 -> 0.05004408 | I20: =SUM(G$5:G20)/$G$13 -> 2.3205389 | J20: =SUM(F$5:F20)/$F$13 -> 2.1428338 | K20: =I20-J20 -> 0.17770506 | L20: =RANK(H20,$H$18:$H$25) -> 3 | M20: 20000 | N20: =M20/M$13 -> 0.054277766 | O20: =M20-P20 -> 19000 | P20: 1000 | Q20: =P20/M20 -> 0.05 | R20: =SUM(P$5:P20)/$P$13 -> 2.3734017 | S20: =SUM(O$5:O20)/$O$13 -> 2.1545756 | T20: =RANK(Q20,$Q$18:$Q$25) -> 3 | U20: =R20-S20 -> 0.21882616 | V20: =(N20-E20)*LN(N20/E20) -> 0.00013100304 | W20: =MAX(T20-L20,0) -> 0
B21: D | C21: No-CLD | D21: 63198 | E21: =D21/D$13 -> 0.16925784 | F21: =D21-G21 -> 60678 | G21: 2520 | H21: =G21/D21 -> 0.03987468 | I21: =SUM(G$5:G21)/$G$13 -> 2.534062 | J21: =SUM(F$5:F21)/$F$13 -> 2.3106469 | K21: =I21-J21 -> 0.22341517 | L21: =RANK(H21,$H$18:$H$25) -> 4 | M21: 53492 | N21: =M21/M$13 -> 0.14517131 | O21: =M21-P21 -> 51056 | P21: 2436 | Q21: =P21/M21 -> 0.04553952 | R21: =SUM(P$5:P21)/$P$13 -> 2.5445412 | S21: =SUM(O$5:O21)/$O$13 -> 2.2987034 | T21: =RANK(Q21,$Q$18:$Q$25) -> 4 | U21: =R21-S21 -> 0.24583781 | V21: =(N21-E21)*LN(N21/E21) -> 0.0036974915 | W21: =MAX(T21-L21,0) -> 0
B22: E | C22: No-CLD | D22: 92208 | E22: =D22/D$13 -> 0.24695286 | F22: =D22-G22 -> 88708 | G22: 3500 | H22: =G22/D22 -> 0.037957661 | I22: =SUM(G$5:G22)/$G$13 -> 2.8306219 | J22: =SUM(F$5:F22)/$F$13 -> 2.5559805 | K22: =I22-J22 -> 0.27464139 | L22: =RANK(H22,$H$18:$H$25) -> 5 | M22: 45364 | N22: =M22/M$13 -> 0.12311283 | O22: =M22-P22 -> 43323 | P22: 2041 | Q22: =P22/M22 -> 0.044991623 | R22: =SUM(P$5:P22)/$P$13 -> 2.6879303 | S22: =SUM(O$5:O22)/$O$13 -> 2.4210015 | T22: =RANK(Q22,$Q$18:$Q$25) -> 5 | U22: =R22-S22 -> 0.26692879 | V22: =(N22-E22)*LN(N22/E22) -> 0.086204577 | W22: =MAX(T22-L22,0) -> 0
B23: F | C23: No-CLD | D23: 5129 | E23: =D23/D$13 -> 0.013736565 | F23: =D23-G23 -> 4939 | G23: 190 | H23: =G23/D23 -> 0.037044258 | I23: =SUM(G$5:G23)/$G$13 -> 2.8467209 | J23: =SUM(F$5:F23)/$F$13 -> 2.56964 | K23: =I23-J23 -> 0.2770809 | L23: =RANK(H23,$H$18:$H$25) -> 6 | M23: 4097 | N23: =M23/M$13 -> 0.0111188 | O23: =M23-P23 -> 3927 | P23: 170 | Q23: =P23/M23 -> 0.041493776 | R23: =SUM(P$5:P23)/$P$13 -> 2.6998735 | S23: =SUM(O$5:O23)/$O$13 -> 2.4320872 | T23: =RANK(Q23,$Q$18:$Q$25) -> 6 | U23: =R23-S23 -> 0.26778635 | V23: =(N23-E23)*LN(N23/E23) -> 0.00055345801 | W23: =MAX(T23-L23,0) -> 0
B24: G | C24: No-CLD | D24: 86730 | E24: =D24/D$13 -> 0.2322816 | F24: =D24-G24 -> 84996 | G24: 1734 | H24: =G24/D24 -> 0.019993082 | I24: =SUM(G$5:G24)/$G$13 -> 2.9936451 | J24: =SUM(F$5:F24)/$F$13 -> 2.8047077 | K24: =I24-J24 -> 0.18893749 | L24: =RANK(H24,$H$18:$H$25) -> 7 | M24: 82743 | N24: =M24/M$13 -> 0.22455526 | O24: =M24-P24 -> 81545 | P24: 1198 | Q24: =P24/M24 -> 0.014478566 | R24: =SUM(P$5:P24)/$P$13 -> 2.7840382 | S24: =SUM(O$5:O24)/$O$13 -> 2.6622836 | T24: =RANK(Q24,$Q$18:$Q$25) -> 7 | U24: =R24-S24 -> 0.12175463 | V24: =(N24-E24)*LN(N24/E24) -> 0.00026137108 | W24: =MAX(T24-L24,0) -> 0
B25: H | C25: No-CLD | D25: 70689 | E25: =D25/D$13 -> 0.18932035 | F25: =D25-G25 -> 70614 | G25: 75 | H25: =G25/D25 -> 0.0010609854 | I25: =SUM(G$5:G25)/$G$13 -> 3 | J25: =SUM(F$5:F25)/$F$13 -> 3 | K25: =I25-J25 -> 0 | L25: =RANK(H25,$H$18:$H$25) -> 8 | M25: 68020 | N25: =M25/M$13 -> 0.18459868 | O25: =M25-P25 -> 67923 | P25: 97 | Q25: =P25/M25 -> 0.0014260512 | R25: =SUM(P$5:P25)/$P$13 -> 2.7908529 | S25: =SUM(O$5:O25)/$O$13 -> 2.8540259 | T25: =RANK(Q25,$Q$18:$Q$25) -> 8 | U25: =R25-S25 -> -0.063173044 | V25: =(N25-E25)*LN(N25/E25) -> 0.00011925208 | W25: =MAX(T25-L25,0) -> 0
B26: Total | D26: =SUM(D18:D25) -> 373383 | E26: =SUM(E18:E25) -> 1 | F26: =SUM(F18:F25) -> 361581 | G26: =SUM(G18:G25) -> 11802 | H26: =G26/D26 -> 0.031608295 | K26: =MAX(K18:K25) -> 0.2770809 | M26: =SUM(M18:M25) -> 313788 | O26: =SUM(O18:O25) -> 302531 | P26: =SUM(P18:P25) -> 11257 | Q26: =P26/M26 -> 0.035874539 | U26: =MAX(U18:U25) -> 0.26778635 | V26: =SUM(V18:V25) -> 0.094253099 | W26: =SUM(W18:W25)/Z19 -> 0

Sheet KPI Summary & Charts
C2: Model ID | D2: Ref | E2: Jan'24 | F2: Apr'24 | G2: Jul'24 | H2: Oct'24
B3: Volume | D3: ='NSM KPIs'!D13 -> 373383 | E3: ='NSM KPIs'!M13 -> 368475 | F3: ='NSM KPIs'!M26 -> 313788 | G3: 318495 | H3: 398734
B4: Bad rate | D4: ='NSM KPIs'!H13 -> 0.031608295 | E4: ='NSM KPIs'!Q13 -> 0.038629486 | F4: ='NSM KPIs'!Q26 -> 0.035874539 | G4: 0.0367 | H4: 0.0323
B5: KS | D5: ='NSM KPIs'!K13 -> 0.2770809 | E5: ='NSM KPIs'!U13 -> 0.2552924 | F5: ='NSM KPIs'!U26 -> 0.26778635 | G5: 0.327 | H5: 0.349
B6: Change in KS | D6: - | E6: =(E5-$D$5)/$D$5 -> -0.078635867 | F6: =(F5-$D$5)/$D$5 -> -0.033544535 | G6: =(G5-$D$5)/$D$5 -> 0.18016075 | H6: =(H5-$D$5)/$D$5 -> 0.25955995
B7: PSI | D7: - | E7: ='NSM KPIs'!V13 -> 0.31055581 | F7: ='NSM KPIs'!V26 -> 0.094253099 | G7: 0.125 | H7: 0.266
B8: ROB | D8: - | E8: ='NSM KPIs'!W13 -> 0.3125 | F8: ='NSM KPIs'!W26 -> 0 | G8: 0 | H8: 0.28

Sheet Confusion Matrix
B2: Dev_Scored
B3: Count of app_id | C3: Column Labels
B4: Row Labels | C4: 0 | D4: 1 | E4: Grand Total
B5: 0 | C5: 5949 | E5: 5949
B6: 1 | C6: 2 | D6: 1137 | E6: 1139
B7: Grand Total | C7: 5951 | D7: 1137 | E7: 7088
C9: Predicted | H9: Python code for confusion matrix
C10: 0 | D10: 1 | E10: Grand Total | H10: from sklearn.metrics import confusion_matrix, ConfusionMatrixDisplay
A11: Actual | B11: 0 | C11: True Negative (TN) | D11: False Positive (FP) | H11: import matplotlib.pyplot as plt
B12: 1 | C12: False Negative (FN) | D12: True Positive (TP) | H12: import seaborn as sns
B13: Grand Total | H13: import matplotlib.pyplot as plt
H14: cm = confusion_matrix(y_true, y_pred)
B15: Accuracy | C15: (TP + TN) / (TP+TN+FP+FN) | H15: sns.heatmap(cm, annot=True, fmt="d", cmap="Blues")
B16: Precision | C16: TP / (TP + FP) | H16: plt.xlabel("Predicted")
B17: Recall | C17: TP / (TP + FN) | H17: plt.ylabel("Actual")
B18: F1 | C18: 2* ((Precision*Recall)/(Precision+Recall)) | H18: plt.show()
